
#
# Contenu de la table `niveaux`
#



INSERT INTO `niveau`(nom,id,taillex,tailley,canva_couloir,canva_mur,canva_bonus,canva_sortie,canva_mechants) VALUES ('La Plaine des Champignons', 1, 16, 16, 'dg_grounds32.gif', 'dg_grounds32.gif', 'dg_food32.gif', 'dg_extra132.gif', 'dg_monster132.gif');
INSERT INTO `niveau`(nom,id,taillex,tailley,canva_couloir,canva_mur,canva_bonus,canva_sortie,canva_mechants) VALUES ('Le Désert De La Soif', 2, 16, 16, 'dg_grounds32.gif', 'dg_grounds32.gif', 'dg_food32.gif', 'dg_extra132.gif', 'dg_monster132.gif');
INSERT INTO `niveau`(nom,id,taillex,tailley,canva_couloir,canva_mur,canva_bonus,canva_sortie,canva_mechants) VALUES ('Vauban', 4, 13, 6, 'dg_grounds32.gif', 'dg_grounds32.gif', 'dg_food32.gif', 'dg_extra132.gif', 'dg_monster132.gif');


#
# Contenu de la table `bonus`(niveau,type,posx,posy,imagex,imagey)
#



INSERT INTO `bonus`(niveau,type,posx,posy,imagex,imagey) VALUES (1, 1, 0, 15, 1, 4);
INSERT INTO `bonus`(niveau,type,posx,posy,imagex,imagey) VALUES (1, 1, 4, 5, 2, 3);
INSERT INTO `bonus`(niveau,type,posx,posy,imagex,imagey) VALUES (1, 1, 6, 13, 1, 4);
INSERT INTO `bonus`(niveau,type,posx,posy,imagex,imagey) VALUES (1, 1, 4, 11, 3, 3);
INSERT INTO `bonus`(niveau,type,posx,posy,imagex,imagey) VALUES (1, 1, 9, 8, 3, 3);
INSERT INTO `bonus`(niveau,type,posx,posy,imagex,imagey) VALUES (1, 1, 0, 0, 0, 4);
INSERT INTO `bonus`(niveau,type,posx,posy,imagex,imagey) VALUES (1, 1, 4, 1, 3, 1);
INSERT INTO `bonus`(niveau,type,posx,posy,imagex,imagey) VALUES (1, 1, 12, 3, 0, 3);
INSERT INTO `bonus`(niveau,type,posx,posy,imagex,imagey) VALUES (1, 1, 11, 2, 3, 2);
INSERT INTO `bonus`(niveau,type,posx,posy,imagex,imagey) VALUES (1, 1, 11, 5, 2, 4);
INSERT INTO `bonus`(niveau,type,posx,posy,imagex,imagey) VALUES (1, 1, 2, 6, 3, 4);
INSERT INTO `bonus`(niveau,type,posx,posy,imagex,imagey) VALUES (2, 1, 2, 2, 0, 0);
INSERT INTO `bonus`(niveau,type,posx,posy,imagex,imagey) VALUES (2, 1, 1, 5, 0, 0);
INSERT INTO `bonus`(niveau,type,posx,posy,imagex,imagey) VALUES (2, 1, 14, 13, 0, 0);
INSERT INTO `bonus`(niveau,type,posx,posy,imagex,imagey) VALUES (2, 1, 14, 13, 0, 0);
INSERT INTO `bonus`(niveau,type,posx,posy,imagex,imagey) VALUES (2, 1, 5, 12, 0, 0);
INSERT INTO `bonus`(niveau,type,posx,posy,imagex,imagey) VALUES (2, 1, 15, 8, 0, 0);
INSERT INTO `bonus`(niveau,type,posx,posy,imagex,imagey) VALUES (2, 1, 7, 4, 0, 0);
INSERT INTO `bonus`(niveau,type,posx,posy,imagex,imagey) VALUES (2, 1, 9, 15, 1, 0);
INSERT INTO `bonus`(niveau,type,posx,posy,imagex,imagey) VALUES (2, 1, 14, 15, 1, 0);
INSERT INTO `bonus`(niveau,type,posx,posy,imagex,imagey) VALUES (2, 1, 10, 6, 1, 0);
INSERT INTO `bonus`(niveau,type,posx,posy,imagex,imagey) VALUES (2, 1, 10, 10, 4, 0);
INSERT INTO `bonus`(niveau,type,posx,posy,imagex,imagey) VALUES (2, 1, 14, 0, 0, 0);
INSERT INTO `bonus`(niveau,type,posx,posy,imagex,imagey) VALUES (2, 1, 1, 12, 0, 0);
INSERT INTO `bonus`(niveau,type,posx,posy,imagex,imagey) VALUES (4, 1, 0, 5, 0, 0);
INSERT INTO `bonus`(niveau,type,posx,posy,imagex,imagey) VALUES (4, 1, 3, 5, 0, 0);
INSERT INTO `bonus`(niveau,type,posx,posy,imagex,imagey) VALUES (4, 1, 1, 5, 0, 0);
INSERT INTO `bonus`(niveau,type,posx,posy,imagex,imagey) VALUES (4, 1, 3, 2, 0, 0);
INSERT INTO `bonus`(niveau,type,posx,posy,imagex,imagey) VALUES (4, 1, 1, 1, 0, 0);
INSERT INTO `bonus`(niveau,type,posx,posy,imagex,imagey) VALUES (4, 1, 1, 3, 0, 0);
INSERT INTO `bonus`(niveau,type,posx,posy,imagex,imagey) VALUES (4, 1, 9, 3, 0, 0);
INSERT INTO `bonus`(niveau,type,posx,posy,imagex,imagey) VALUES (4, 1, 6, 4, 0, 0);
INSERT INTO `bonus`(niveau,type,posx,posy,imagex,imagey) VALUES (4, 1, 8, 5, 0, 0);
INSERT INTO `bonus`(niveau,type,posx,posy,imagex,imagey) VALUES (4, 1, 5, 1, 0, 0);
INSERT INTO `bonus`(niveau,type,posx,posy,imagex,imagey) VALUES (4, 1, 8, 0, 0, 0);
INSERT INTO `bonus`(niveau,type,posx,posy,imagex,imagey) VALUES (4, 1, 9, 1, 0, 0);



#
# Contenu de la table `case_element`(niveau,type,posx,posy,imagex,imagey)
#

INSERT INTO `case_element`(niveau,type,posx,posy,imagex,imagey) VALUES (1, 1, 0, 0, 0, 1);
INSERT INTO `case_element`(niveau,type,posx,posy,imagex,imagey) VALUES (1, 1, 0, 1, 0, 1);
INSERT INTO `case_element`(niveau,type,posx,posy,imagex,imagey) VALUES (1, 1, 0, 2, 0, 1);
INSERT INTO `case_element`(niveau,type,posx,posy,imagex,imagey) VALUES (1, 1, 0, 3, 0, 1);
INSERT INTO `case_element`(niveau,type,posx,posy,imagex,imagey) VALUES (1, 1, 0, 4, 4, 1);
INSERT INTO `case_element`(niveau,type,posx,posy,imagex,imagey) VALUES (1, 1, 0, 5, 0, 1);
INSERT INTO `case_element`(niveau,type,posx,posy,imagex,imagey) VALUES (1, 2, 0, 6, 0, 13);
INSERT INTO `case_element`(niveau,type,posx,posy,imagex,imagey) VALUES (1, 1, 0, 7, 0, 1);
INSERT INTO `case_element`(niveau,type,posx,posy,imagex,imagey) VALUES (1, 1, 0, 8, 0, 1);
INSERT INTO `case_element`(niveau,type,posx,posy,imagex,imagey) VALUES (1, 1, 0, 9, 0, 1);
INSERT INTO `case_element`(niveau,type,posx,posy,imagex,imagey) VALUES (1, 2, 0, 10, 0, 6);
INSERT INTO `case_element`(niveau,type,posx,posy,imagex,imagey) VALUES (1, 2, 0, 11, 0, 6);
INSERT INTO `case_element`(niveau,type,posx,posy,imagex,imagey) VALUES (1, 2, 0, 12, 0, 6);
INSERT INTO `case_element`(niveau,type,posx,posy,imagex,imagey) VALUES (1, 1, 0, 13, 1, 6);
INSERT INTO `case_element`(niveau,type,posx,posy,imagex,imagey) VALUES (1, 1, 0, 14, 1, 6);
INSERT INTO `case_element`(niveau,type,posx,posy,imagex,imagey) VALUES (1, 1, 0, 15, 0, 1);
INSERT INTO `case_element`(niveau,type,posx,posy,imagex,imagey) VALUES (1, 2, 1, 0, 3, 13);
INSERT INTO `case_element`(niveau,type,posx,posy,imagex,imagey) VALUES (1, 2, 1, 1, 0, 13);
INSERT INTO `case_element`(niveau,type,posx,posy,imagex,imagey) VALUES (1, 1, 1, 2, 0, 1);
INSERT INTO `case_element`(niveau,type,posx,posy,imagex,imagey) VALUES (1, 2, 1, 3, 0, 13);
INSERT INTO `case_element`(niveau,type,posx,posy,imagex,imagey) VALUES (1, 1, 1, 4, 4, 1);
INSERT INTO `case_element`(niveau,type,posx,posy,imagex,imagey) VALUES (1, 1, 1, 5, 0, 1);
INSERT INTO `case_element`(niveau,type,posx,posy,imagex,imagey) VALUES (1, 1, 1, 6, 0, 1);
INSERT INTO `case_element`(niveau,type,posx,posy,imagex,imagey) VALUES (1, 1, 1, 7, 0, 1);
INSERT INTO `case_element`(niveau,type,posx,posy,imagex,imagey) VALUES (1, 1, 1, 8, 0, 1);
INSERT INTO `case_element`(niveau,type,posx,posy,imagex,imagey) VALUES (1, 1, 1, 9, 0, 1);
INSERT INTO `case_element`(niveau,type,posx,posy,imagex,imagey) VALUES (1, 1, 1, 10, 0, 1);
INSERT INTO `case_element`(niveau,type,posx,posy,imagex,imagey) VALUES (1, 2, 1, 11, 0, 6);
INSERT INTO `case_element`(niveau,type,posx,posy,imagex,imagey) VALUES (1, 2, 1, 12, 0, 6);
INSERT INTO `case_element`(niveau,type,posx,posy,imagex,imagey) VALUES (1, 1, 1, 13, 1, 6);
INSERT INTO `case_element`(niveau,type,posx,posy,imagex,imagey) VALUES (1, 2, 1, 14, 0, 6);
INSERT INTO `case_element`(niveau,type,posx,posy,imagex,imagey) VALUES (1, 2, 1, 15, 0, 6);
INSERT INTO `case_element`(niveau,type,posx,posy,imagex,imagey) VALUES (1, 1, 2, 0, 0, 1);
INSERT INTO `case_element`(niveau,type,posx,posy,imagex,imagey) VALUES (1, 2, 2, 1, 0, 13);
INSERT INTO `case_element`(niveau,type,posx,posy,imagex,imagey) VALUES (1, 1, 2, 2, 0, 1);
INSERT INTO `case_element`(niveau,type,posx,posy,imagex,imagey) VALUES (1, 1, 2, 3, 0, 1);
INSERT INTO `case_element`(niveau,type,posx,posy,imagex,imagey) VALUES (1, 1, 2, 4, 4, 1);
INSERT INTO `case_element`(niveau,type,posx,posy,imagex,imagey) VALUES (1, 1, 2, 5, 0, 1);
INSERT INTO `case_element`(niveau,type,posx,posy,imagex,imagey) VALUES (1, 1, 2, 6, 0, 1);
INSERT INTO `case_element`(niveau,type,posx,posy,imagex,imagey) VALUES (1, 2, 2, 7, 0, 13);
INSERT INTO `case_element`(niveau,type,posx,posy,imagex,imagey) VALUES (1, 1, 2, 8, 0, 1);
INSERT INTO `case_element`(niveau,type,posx,posy,imagex,imagey) VALUES (1, 1, 2, 9, 0, 1);
INSERT INTO `case_element`(niveau,type,posx,posy,imagex,imagey) VALUES (1, 2, 2, 10, 0, 6);
INSERT INTO `case_element`(niveau,type,posx,posy,imagex,imagey) VALUES (1, 1, 2, 11, 0, 1);
INSERT INTO `case_element`(niveau,type,posx,posy,imagex,imagey) VALUES (1, 2, 2, 12, 0, 6);
INSERT INTO `case_element`(niveau,type,posx,posy,imagex,imagey) VALUES (1, 1, 2, 13, 1, 6);
INSERT INTO `case_element`(niveau,type,posx,posy,imagex,imagey) VALUES (1, 2, 2, 14, 0, 6);
INSERT INTO `case_element`(niveau,type,posx,posy,imagex,imagey) VALUES (1, 2, 2, 15, 0, 6);
INSERT INTO `case_element`(niveau,type,posx,posy,imagex,imagey) VALUES (1, 1, 3, 0, 0, 1);
INSERT INTO `case_element`(niveau,type,posx,posy,imagex,imagey) VALUES (1, 1, 3, 1, 0, 1);
INSERT INTO `case_element`(niveau,type,posx,posy,imagex,imagey) VALUES (1, 1, 3, 2, 0, 1);
INSERT INTO `case_element`(niveau,type,posx,posy,imagex,imagey) VALUES (1, 2, 3, 3, 0, 13);
INSERT INTO `case_element`(niveau,type,posx,posy,imagex,imagey) VALUES (1, 1, 3, 4, 4, 1);
INSERT INTO `case_element`(niveau,type,posx,posy,imagex,imagey) VALUES (1, 2, 3, 5, 0, 13);
INSERT INTO `case_element`(niveau,type,posx,posy,imagex,imagey) VALUES (1, 2, 3, 6, 0, 13);
INSERT INTO `case_element`(niveau,type,posx,posy,imagex,imagey) VALUES (1, 1, 3, 7, 0, 1);
INSERT INTO `case_element`(niveau,type,posx,posy,imagex,imagey) VALUES (1, 1, 3, 8, 0, 1);
INSERT INTO `case_element`(niveau,type,posx,posy,imagex,imagey) VALUES (1, 1, 3, 9, 0, 1);
INSERT INTO `case_element`(niveau,type,posx,posy,imagex,imagey) VALUES (1, 1, 3, 10, 0, 1);
INSERT INTO `case_element`(niveau,type,posx,posy,imagex,imagey) VALUES (1, 1, 3, 11, 0, 1);
INSERT INTO `case_element`(niveau,type,posx,posy,imagex,imagey) VALUES (1, 1, 3, 12, 0, 1);
INSERT INTO `case_element`(niveau,type,posx,posy,imagex,imagey) VALUES (1, 1, 3, 13, 0, 1);
INSERT INTO `case_element`(niveau,type,posx,posy,imagex,imagey) VALUES (1, 1, 3, 14, 0, 1);
INSERT INTO `case_element`(niveau,type,posx,posy,imagex,imagey) VALUES (1, 1, 3, 15, 0, 1);
INSERT INTO `case_element`(niveau,type,posx,posy,imagex,imagey) VALUES (1, 1, 4, 0, 0, 1);
INSERT INTO `case_element`(niveau,type,posx,posy,imagex,imagey) VALUES (1, 1, 4, 1, 0, 1);
INSERT INTO `case_element`(niveau,type,posx,posy,imagex,imagey) VALUES (1, 2, 4, 2, 3, 13);
INSERT INTO `case_element`(niveau,type,posx,posy,imagex,imagey) VALUES (1, 1, 4, 3, 0, 1);
INSERT INTO `case_element`(niveau,type,posx,posy,imagex,imagey) VALUES (1, 1, 4, 4, 4, 1);
INSERT INTO `case_element`(niveau,type,posx,posy,imagex,imagey) VALUES (1, 1, 4, 5, 0, 1);
INSERT INTO `case_element`(niveau,type,posx,posy,imagex,imagey) VALUES (1, 2, 4, 6, 0, 13);
INSERT INTO `case_element`(niveau,type,posx,posy,imagex,imagey) VALUES (1, 1, 4, 7, 0, 1);
INSERT INTO `case_element`(niveau,type,posx,posy,imagex,imagey) VALUES (1, 1, 4, 8, 0, 1);
INSERT INTO `case_element`(niveau,type,posx,posy,imagex,imagey) VALUES (1, 2, 4, 9, 0, 2);
INSERT INTO `case_element`(niveau,type,posx,posy,imagex,imagey) VALUES (1, 2, 4, 10, 0, 6);
INSERT INTO `case_element`(niveau,type,posx,posy,imagex,imagey) VALUES (1, 1, 4, 11, 0, 1);
INSERT INTO `case_element`(niveau,type,posx,posy,imagex,imagey) VALUES (1, 1, 4, 12, 0, 1);
INSERT INTO `case_element`(niveau,type,posx,posy,imagex,imagey) VALUES (1, 1, 4, 13, 0, 1);
INSERT INTO `case_element`(niveau,type,posx,posy,imagex,imagey) VALUES (1, 1, 4, 14, 0, 1);
INSERT INTO `case_element`(niveau,type,posx,posy,imagex,imagey) VALUES (1, 1, 4, 15, 0, 1);
INSERT INTO `case_element`(niveau,type,posx,posy,imagex,imagey) VALUES (1, 2, 5, 0, 0, 13);
INSERT INTO `case_element`(niveau,type,posx,posy,imagex,imagey) VALUES (1, 2, 5, 1, 6, 18);
INSERT INTO `case_element`(niveau,type,posx,posy,imagex,imagey) VALUES (1, 1, 5, 2, 0, 1);
INSERT INTO `case_element`(niveau,type,posx,posy,imagex,imagey) VALUES (1, 1, 5, 3, 0, 1);
INSERT INTO `case_element`(niveau,type,posx,posy,imagex,imagey) VALUES (1, 1, 5, 4, 4, 1);
INSERT INTO `case_element`(niveau,type,posx,posy,imagex,imagey) VALUES (1, 2, 5, 5, 0, 13);
INSERT INTO `case_element`(niveau,type,posx,posy,imagex,imagey) VALUES (1, 1, 5, 6, 0, 1);
INSERT INTO `case_element`(niveau,type,posx,posy,imagex,imagey) VALUES (1, 1, 5, 7, 0, 1);
INSERT INTO `case_element`(niveau,type,posx,posy,imagex,imagey) VALUES (1, 1, 5, 8, 0, 1);
INSERT INTO `case_element`(niveau,type,posx,posy,imagex,imagey) VALUES (1, 2, 5, 9, 0, 2);
INSERT INTO `case_element`(niveau,type,posx,posy,imagex,imagey) VALUES (1, 2, 5, 10, 0, 2);
INSERT INTO `case_element`(niveau,type,posx,posy,imagex,imagey) VALUES (1, 2, 5, 11, 0, 2);
INSERT INTO `case_element`(niveau,type,posx,posy,imagex,imagey) VALUES (1, 2, 5, 12, 0, 2);
INSERT INTO `case_element`(niveau,type,posx,posy,imagex,imagey) VALUES (1, 1, 5, 13, 0, 1);
INSERT INTO `case_element`(niveau,type,posx,posy,imagex,imagey) VALUES (1, 1, 5, 14, 0, 1);
INSERT INTO `case_element`(niveau,type,posx,posy,imagex,imagey) VALUES (1, 1, 5, 15, 0, 1);
INSERT INTO `case_element`(niveau,type,posx,posy,imagex,imagey) VALUES (1, 3, 6, 0, 0, 10);
INSERT INTO `case_element`(niveau,type,posx,posy,imagex,imagey) VALUES (1, 1, 6, 1, 4, 1);
INSERT INTO `case_element`(niveau,type,posx,posy,imagex,imagey) VALUES (1, 1, 6, 2, 4, 1);
INSERT INTO `case_element`(niveau,type,posx,posy,imagex,imagey) VALUES (1, 1, 6, 3, 4, 1);
INSERT INTO `case_element`(niveau,type,posx,posy,imagex,imagey) VALUES (1, 1, 6, 4, 4, 1);
INSERT INTO `case_element`(niveau,type,posx,posy,imagex,imagey) VALUES (1, 2, 6, 5, 7, 13);
INSERT INTO `case_element`(niveau,type,posx,posy,imagex,imagey) VALUES (1, 1, 6, 6, 4, 1);
INSERT INTO `case_element`(niveau,type,posx,posy,imagex,imagey) VALUES (1, 1, 6, 7, 4, 1);
INSERT INTO `case_element`(niveau,type,posx,posy,imagex,imagey) VALUES (1, 1, 6, 8, 0, 1);
INSERT INTO `case_element`(niveau,type,posx,posy,imagex,imagey) VALUES (1, 2, 6, 9, 0, 2);
INSERT INTO `case_element`(niveau,type,posx,posy,imagex,imagey) VALUES (1, 2, 6, 10, 0, 2);
INSERT INTO `case_element`(niveau,type,posx,posy,imagex,imagey) VALUES (1, 2, 6, 11, 0, 2);
INSERT INTO `case_element`(niveau,type,posx,posy,imagex,imagey) VALUES (1, 1, 6, 12, 0, 1);
INSERT INTO `case_element`(niveau,type,posx,posy,imagex,imagey) VALUES (1, 1, 6, 13, 0, 1);
INSERT INTO `case_element`(niveau,type,posx,posy,imagex,imagey) VALUES (1, 1, 6, 14, 0, 1);
INSERT INTO `case_element`(niveau,type,posx,posy,imagex,imagey) VALUES (1, 1, 6, 15, 0, 1);
INSERT INTO `case_element`(niveau,type,posx,posy,imagex,imagey) VALUES (1, 2, 7, 0, 0, 13);
INSERT INTO `case_element`(niveau,type,posx,posy,imagex,imagey) VALUES (1, 1, 7, 1, 0, 1);
INSERT INTO `case_element`(niveau,type,posx,posy,imagex,imagey) VALUES (1, 1, 7, 2, 1, 17);
INSERT INTO `case_element`(niveau,type,posx,posy,imagex,imagey) VALUES (1, 1, 7, 3, 1, 17);
INSERT INTO `case_element`(niveau,type,posx,posy,imagex,imagey) VALUES (1, 1, 7, 4, 0, 1);
INSERT INTO `case_element`(niveau,type,posx,posy,imagex,imagey) VALUES (1, 2, 7, 5, 0, 13);
INSERT INTO `case_element`(niveau,type,posx,posy,imagex,imagey) VALUES (1, 1, 7, 6, 0, 1);
INSERT INTO `case_element`(niveau,type,posx,posy,imagex,imagey) VALUES (1, 1, 7, 7, 4, 1);
INSERT INTO `case_element`(niveau,type,posx,posy,imagex,imagey) VALUES (1, 1, 7, 8, 0, 1);
INSERT INTO `case_element`(niveau,type,posx,posy,imagex,imagey) VALUES (1, 2, 7, 9, 0, 6);
INSERT INTO `case_element`(niveau,type,posx,posy,imagex,imagey) VALUES (1, 2, 7, 10, 0, 2);
INSERT INTO `case_element`(niveau,type,posx,posy,imagex,imagey) VALUES (1, 1, 7, 11, 0, 1);
INSERT INTO `case_element`(niveau,type,posx,posy,imagex,imagey) VALUES (1, 1, 7, 12, 0, 1);
INSERT INTO `case_element`(niveau,type,posx,posy,imagex,imagey) VALUES (1, 1, 7, 13, 0, 1);
INSERT INTO `case_element`(niveau,type,posx,posy,imagex,imagey) VALUES (1, 1, 7, 14, 0, 1);
INSERT INTO `case_element`(niveau,type,posx,posy,imagex,imagey) VALUES (1, 1, 7, 15, 0, 1);
INSERT INTO `case_element`(niveau,type,posx,posy,imagex,imagey) VALUES (1, 1, 8, 0, 0, 1);
INSERT INTO `case_element`(niveau,type,posx,posy,imagex,imagey) VALUES (1, 1, 8, 1, 0, 1);
INSERT INTO `case_element`(niveau,type,posx,posy,imagex,imagey) VALUES (1, 1, 8, 2, 1, 17);
INSERT INTO `case_element`(niveau,type,posx,posy,imagex,imagey) VALUES (1, 1, 8, 3, 1, 17);
INSERT INTO `case_element`(niveau,type,posx,posy,imagex,imagey) VALUES (1, 1, 8, 4, 0, 1);
INSERT INTO `case_element`(niveau,type,posx,posy,imagex,imagey) VALUES (1, 1, 8, 5, 0, 1);
INSERT INTO `case_element`(niveau,type,posx,posy,imagex,imagey) VALUES (1, 2, 8, 6, 0, 13);
INSERT INTO `case_element`(niveau,type,posx,posy,imagex,imagey) VALUES (1, 1, 8, 7, 4, 1);
INSERT INTO `case_element`(niveau,type,posx,posy,imagex,imagey) VALUES (1, 1, 8, 8, 0, 1);
INSERT INTO `case_element`(niveau,type,posx,posy,imagex,imagey) VALUES (1, 1, 8, 9, 0, 1);
INSERT INTO `case_element`(niveau,type,posx,posy,imagex,imagey) VALUES (1, 1, 8, 10, 0, 1);
INSERT INTO `case_element`(niveau,type,posx,posy,imagex,imagey) VALUES (1, 1, 8, 11, 0, 1);
INSERT INTO `case_element`(niveau,type,posx,posy,imagex,imagey) VALUES (1, 1, 8, 12, 0, 1);
INSERT INTO `case_element`(niveau,type,posx,posy,imagex,imagey) VALUES (1, 1, 8, 13, 0, 1);
INSERT INTO `case_element`(niveau,type,posx,posy,imagex,imagey) VALUES (1, 1, 8, 14, 0, 1);
INSERT INTO `case_element`(niveau,type,posx,posy,imagex,imagey) VALUES (1, 1, 8, 15, 0, 1);
INSERT INTO `case_element`(niveau,type,posx,posy,imagex,imagey) VALUES (1, 1, 9, 0, 0, 1);
INSERT INTO `case_element`(niveau,type,posx,posy,imagex,imagey) VALUES (1, 1, 9, 1, 0, 1);
INSERT INTO `case_element`(niveau,type,posx,posy,imagex,imagey) VALUES (1, 1, 9, 2, 0, 1);
INSERT INTO `case_element`(niveau,type,posx,posy,imagex,imagey) VALUES (1, 1, 9, 3, 0, 1);
INSERT INTO `case_element`(niveau,type,posx,posy,imagex,imagey) VALUES (1, 1, 9, 4, 0, 1);
INSERT INTO `case_element`(niveau,type,posx,posy,imagex,imagey) VALUES (1, 1, 9, 5, 0, 1);
INSERT INTO `case_element`(niveau,type,posx,posy,imagex,imagey) VALUES (1, 2, 9, 6, 7, 13);
INSERT INTO `case_element`(niveau,type,posx,posy,imagex,imagey) VALUES (1, 1, 9, 7, 4, 1);
INSERT INTO `case_element`(niveau,type,posx,posy,imagex,imagey) VALUES (1, 1, 9, 8, 4, 1);
INSERT INTO `case_element`(niveau,type,posx,posy,imagex,imagey) VALUES (1, 1, 9, 9, 0, 1);
INSERT INTO `case_element`(niveau,type,posx,posy,imagex,imagey) VALUES (1, 1, 9, 10, 0, 1);
INSERT INTO `case_element`(niveau,type,posx,posy,imagex,imagey) VALUES (1, 1, 9, 11, 0, 1);
INSERT INTO `case_element`(niveau,type,posx,posy,imagex,imagey) VALUES (1, 1, 9, 12, 0, 1);
INSERT INTO `case_element`(niveau,type,posx,posy,imagex,imagey) VALUES (1, 1, 9, 13, 0, 1);
INSERT INTO `case_element`(niveau,type,posx,posy,imagex,imagey) VALUES (1, 1, 9, 14, 0, 1);
INSERT INTO `case_element`(niveau,type,posx,posy,imagex,imagey) VALUES (1, 1, 9, 15, 0, 1);
INSERT INTO `case_element`(niveau,type,posx,posy,imagex,imagey) VALUES (1, 1, 10, 0, 0, 1);
INSERT INTO `case_element`(niveau,type,posx,posy,imagex,imagey) VALUES (1, 1, 10, 1, 0, 1);
INSERT INTO `case_element`(niveau,type,posx,posy,imagex,imagey) VALUES (1, 1, 10, 2, 0, 1);
INSERT INTO `case_element`(niveau,type,posx,posy,imagex,imagey) VALUES (1, 1, 10, 3, 0, 1);
INSERT INTO `case_element`(niveau,type,posx,posy,imagex,imagey) VALUES (1, 2, 10, 4, 6, 6);
INSERT INTO `case_element`(niveau,type,posx,posy,imagex,imagey) VALUES (1, 2, 10, 5, 6, 6);
INSERT INTO `case_element`(niveau,type,posx,posy,imagex,imagey) VALUES (1, 1, 10, 6, 0, 1);
INSERT INTO `case_element`(niveau,type,posx,posy,imagex,imagey) VALUES (1, 2, 10, 7, 7, 13);
INSERT INTO `case_element`(niveau,type,posx,posy,imagex,imagey) VALUES (1, 2, 10, 8, 7, 13);
INSERT INTO `case_element`(niveau,type,posx,posy,imagex,imagey) VALUES (1, 1, 10, 9, 4, 1);
INSERT INTO `case_element`(niveau,type,posx,posy,imagex,imagey) VALUES (1, 1, 10, 10, 0, 1);
INSERT INTO `case_element`(niveau,type,posx,posy,imagex,imagey) VALUES (1, 1, 10, 11, 0, 1);
INSERT INTO `case_element`(niveau,type,posx,posy,imagex,imagey) VALUES (1, 1, 10, 12, 0, 1);
INSERT INTO `case_element`(niveau,type,posx,posy,imagex,imagey) VALUES (1, 1, 10, 13, 0, 1);
INSERT INTO `case_element`(niveau,type,posx,posy,imagex,imagey) VALUES (1, 1, 10, 14, 0, 1);
INSERT INTO `case_element`(niveau,type,posx,posy,imagex,imagey) VALUES (1, 2, 10, 15, 7, 13);
INSERT INTO `case_element`(niveau,type,posx,posy,imagex,imagey) VALUES (1, 1, 11, 0, 0, 1);
INSERT INTO `case_element`(niveau,type,posx,posy,imagex,imagey) VALUES (1, 1, 11, 1, 0, 1);
INSERT INTO `case_element`(niveau,type,posx,posy,imagex,imagey) VALUES (1, 1, 11, 2, 0, 1);
INSERT INTO `case_element`(niveau,type,posx,posy,imagex,imagey) VALUES (1, 2, 11, 3, 6, 6);
INSERT INTO `case_element`(niveau,type,posx,posy,imagex,imagey) VALUES (1, 1, 11, 4, 0, 1);
INSERT INTO `case_element`(niveau,type,posx,posy,imagex,imagey) VALUES (1, 1, 11, 5, 0, 1);
INSERT INTO `case_element`(niveau,type,posx,posy,imagex,imagey) VALUES (1, 1, 11, 6, 0, 1);
INSERT INTO `case_element`(niveau,type,posx,posy,imagex,imagey) VALUES (1, 1, 11, 7, 4, 1);
INSERT INTO `case_element`(niveau,type,posx,posy,imagex,imagey) VALUES (1, 1, 11, 8, 4, 1);
INSERT INTO `case_element`(niveau,type,posx,posy,imagex,imagey) VALUES (1, 1, 11, 9, 4, 1);
INSERT INTO `case_element`(niveau,type,posx,posy,imagex,imagey) VALUES (1, 1, 11, 10, 4, 1);
INSERT INTO `case_element`(niveau,type,posx,posy,imagex,imagey) VALUES (1, 1, 11, 11, 4, 1);
INSERT INTO `case_element`(niveau,type,posx,posy,imagex,imagey) VALUES (1, 1, 11, 12, 4, 1);
INSERT INTO `case_element`(niveau,type,posx,posy,imagex,imagey) VALUES (1, 1, 11, 13, 4, 1);
INSERT INTO `case_element`(niveau,type,posx,posy,imagex,imagey) VALUES (1, 1, 11, 14, 4, 1);
INSERT INTO `case_element`(niveau,type,posx,posy,imagex,imagey) VALUES (1, 1, 11, 15, 4, 1);
INSERT INTO `case_element`(niveau,type,posx,posy,imagex,imagey) VALUES (1, 1, 12, 0, 0, 1);
INSERT INTO `case_element`(niveau,type,posx,posy,imagex,imagey) VALUES (1, 1, 12, 1, 0, 1);
INSERT INTO `case_element`(niveau,type,posx,posy,imagex,imagey) VALUES (1, 1, 12, 2, 0, 1);
INSERT INTO `case_element`(niveau,type,posx,posy,imagex,imagey) VALUES (1, 1, 12, 3, 0, 1);
INSERT INTO `case_element`(niveau,type,posx,posy,imagex,imagey) VALUES (1, 2, 12, 4, 6, 6);
INSERT INTO `case_element`(niveau,type,posx,posy,imagex,imagey) VALUES (1, 1, 12, 5, 0, 1);
INSERT INTO `case_element`(niveau,type,posx,posy,imagex,imagey) VALUES (1, 1, 12, 6, 0, 1);
INSERT INTO `case_element`(niveau,type,posx,posy,imagex,imagey) VALUES (1, 1, 12, 7, 4, 1);
INSERT INTO `case_element`(niveau,type,posx,posy,imagex,imagey) VALUES (1, 1, 12, 8, 7, 17);
INSERT INTO `case_element`(niveau,type,posx,posy,imagex,imagey) VALUES (1, 1, 12, 9, 7, 17);
INSERT INTO `case_element`(niveau,type,posx,posy,imagex,imagey) VALUES (1, 1, 12, 10, 3, 17);
INSERT INTO `case_element`(niveau,type,posx,posy,imagex,imagey) VALUES (1, 1, 12, 11, 3, 17);
INSERT INTO `case_element`(niveau,type,posx,posy,imagex,imagey) VALUES (1, 2, 12, 12, 0, 6);
INSERT INTO `case_element`(niveau,type,posx,posy,imagex,imagey) VALUES (1, 1, 12, 13, 0, 1);
INSERT INTO `case_element`(niveau,type,posx,posy,imagex,imagey) VALUES (1, 2, 12, 14, 6, 18);
INSERT INTO `case_element`(niveau,type,posx,posy,imagex,imagey) VALUES (1, 2, 12, 15, 0, 6);
INSERT INTO `case_element`(niveau,type,posx,posy,imagex,imagey) VALUES (1, 1, 13, 0, 0, 1);
INSERT INTO `case_element`(niveau,type,posx,posy,imagex,imagey) VALUES (1, 2, 13, 1, 6, 6);
INSERT INTO `case_element`(niveau,type,posx,posy,imagex,imagey) VALUES (1, 1, 13, 2, 0, 1);
INSERT INTO `case_element`(niveau,type,posx,posy,imagex,imagey) VALUES (1, 1, 13, 3, 0, 1);
INSERT INTO `case_element`(niveau,type,posx,posy,imagex,imagey) VALUES (1, 2, 13, 4, 6, 6);
INSERT INTO `case_element`(niveau,type,posx,posy,imagex,imagey) VALUES (1, 1, 13, 5, 0, 1);
INSERT INTO `case_element`(niveau,type,posx,posy,imagex,imagey) VALUES (1, 2, 13, 6, 1, 16);
INSERT INTO `case_element`(niveau,type,posx,posy,imagex,imagey) VALUES (1, 1, 13, 7, 4, 1);
INSERT INTO `case_element`(niveau,type,posx,posy,imagex,imagey) VALUES (1, 2, 13, 8, 0, 6);
INSERT INTO `case_element`(niveau,type,posx,posy,imagex,imagey) VALUES (1, 1, 13, 9, 7, 17);
INSERT INTO `case_element`(niveau,type,posx,posy,imagex,imagey) VALUES (1, 1, 13, 10, 3, 17);
INSERT INTO `case_element`(niveau,type,posx,posy,imagex,imagey) VALUES (1, 1, 13, 11, 3, 17);
INSERT INTO `case_element`(niveau,type,posx,posy,imagex,imagey) VALUES (1, 1, 13, 12, 0, 1);
INSERT INTO `case_element`(niveau,type,posx,posy,imagex,imagey) VALUES (1, 2, 13, 13, 0, 6);
INSERT INTO `case_element`(niveau,type,posx,posy,imagex,imagey) VALUES (1, 1, 13, 14, 0, 1);
INSERT INTO `case_element`(niveau,type,posx,posy,imagex,imagey) VALUES (1, 1, 13, 15, 0, 1);
INSERT INTO `case_element`(niveau,type,posx,posy,imagex,imagey) VALUES (1, 1, 14, 0, 0, 1);
INSERT INTO `case_element`(niveau,type,posx,posy,imagex,imagey) VALUES (1, 1, 14, 1, 0, 1);
INSERT INTO `case_element`(niveau,type,posx,posy,imagex,imagey) VALUES (1, 1, 14, 2, 0, 1);
INSERT INTO `case_element`(niveau,type,posx,posy,imagex,imagey) VALUES (1, 1, 14, 3, 0, 1);
INSERT INTO `case_element`(niveau,type,posx,posy,imagex,imagey) VALUES (1, 1, 14, 4, 0, 1);
INSERT INTO `case_element`(niveau,type,posx,posy,imagex,imagey) VALUES (1, 1, 14, 5, 0, 1);
INSERT INTO `case_element`(niveau,type,posx,posy,imagex,imagey) VALUES (1, 1, 14, 6, 0, 1);
INSERT INTO `case_element`(niveau,type,posx,posy,imagex,imagey) VALUES (1, 1, 14, 7, 4, 1);
INSERT INTO `case_element`(niveau,type,posx,posy,imagex,imagey) VALUES (1, 1, 14, 8, 0, 1);
INSERT INTO `case_element`(niveau,type,posx,posy,imagex,imagey) VALUES (1, 2, 14, 9, 0, 6);
INSERT INTO `case_element`(niveau,type,posx,posy,imagex,imagey) VALUES (1, 2, 14, 10, 6, 18);
INSERT INTO `case_element`(niveau,type,posx,posy,imagex,imagey) VALUES (1, 1, 14, 11, 0, 1);
INSERT INTO `case_element`(niveau,type,posx,posy,imagex,imagey) VALUES (1, 1, 14, 12, 0, 17);
INSERT INTO `case_element`(niveau,type,posx,posy,imagex,imagey) VALUES (1, 1, 14, 13, 0, 17);
INSERT INTO `case_element`(niveau,type,posx,posy,imagex,imagey) VALUES (1, 1, 14, 14, 0, 1);
INSERT INTO `case_element`(niveau,type,posx,posy,imagex,imagey) VALUES (1, 1, 14, 15, 0, 1);
INSERT INTO `case_element`(niveau,type,posx,posy,imagex,imagey) VALUES (1, 1, 15, 0, 0, 1);
INSERT INTO `case_element`(niveau,type,posx,posy,imagex,imagey) VALUES (1, 1, 15, 1, 0, 1);
INSERT INTO `case_element`(niveau,type,posx,posy,imagex,imagey) VALUES (1, 1, 15, 2, 0, 1);
INSERT INTO `case_element`(niveau,type,posx,posy,imagex,imagey) VALUES (1, 1, 15, 3, 0, 1);
INSERT INTO `case_element`(niveau,type,posx,posy,imagex,imagey) VALUES (1, 1, 15, 4, 0, 1);
INSERT INTO `case_element`(niveau,type,posx,posy,imagex,imagey) VALUES (1, 1, 15, 5, 0, 1);
INSERT INTO `case_element`(niveau,type,posx,posy,imagex,imagey) VALUES (1, 1, 15, 6, 0, 1);
INSERT INTO `case_element`(niveau,type,posx,posy,imagex,imagey) VALUES (1, 2, 15, 7, 1, 14);
INSERT INTO `case_element`(niveau,type,posx,posy,imagex,imagey) VALUES (1, 1, 15, 8, 0, 1);
INSERT INTO `case_element`(niveau,type,posx,posy,imagex,imagey) VALUES (1, 1, 15, 9, 0, 1);
INSERT INTO `case_element`(niveau,type,posx,posy,imagex,imagey) VALUES (1, 1, 15, 10, 0, 1);
INSERT INTO `case_element`(niveau,type,posx,posy,imagex,imagey) VALUES (1, 1, 15, 11, 0, 1);
INSERT INTO `case_element`(niveau,type,posx,posy,imagex,imagey) VALUES (1, 1, 15, 12, 0, 17);
INSERT INTO `case_element`(niveau,type,posx,posy,imagex,imagey) VALUES (1, 1, 15, 13, 0, 17);
INSERT INTO `case_element`(niveau,type,posx,posy,imagex,imagey) VALUES (1, 1, 15, 14, 0, 1);
INSERT INTO `case_element`(niveau,type,posx,posy,imagex,imagey) VALUES (1, 1, 15, 15, 0, 1);
INSERT INTO `case_element`(niveau,type,posx,posy,imagex,imagey) VALUES (2, 1, 0, 0, 4, 1);
INSERT INTO `case_element`(niveau,type,posx,posy,imagex,imagey) VALUES (2, 1, 0, 1, 4, 1);
INSERT INTO `case_element`(niveau,type,posx,posy,imagex,imagey) VALUES (2, 1, 0, 2, 4, 1);
INSERT INTO `case_element`(niveau,type,posx,posy,imagex,imagey) VALUES (2, 2, 0, 3, 7, 7);
INSERT INTO `case_element`(niveau,type,posx,posy,imagex,imagey) VALUES (2, 1, 0, 4, 4, 1);
INSERT INTO `case_element`(niveau,type,posx,posy,imagex,imagey) VALUES (2, 2, 0, 5, 7, 13);
INSERT INTO `case_element`(niveau,type,posx,posy,imagex,imagey) VALUES (2, 1, 0, 6, 4, 1);
INSERT INTO `case_element`(niveau,type,posx,posy,imagex,imagey) VALUES (2, 1, 0, 7, 4, 1);
INSERT INTO `case_element`(niveau,type,posx,posy,imagex,imagey) VALUES (2, 2, 0, 8, 1, 14);
INSERT INTO `case_element`(niveau,type,posx,posy,imagex,imagey) VALUES (2, 2, 0, 9, 7, 7);
INSERT INTO `case_element`(niveau,type,posx,posy,imagex,imagey) VALUES (2, 2, 0, 10, 6, 7);
INSERT INTO `case_element`(niveau,type,posx,posy,imagex,imagey) VALUES (2, 2, 0, 11, 1, 2);
INSERT INTO `case_element`(niveau,type,posx,posy,imagex,imagey) VALUES (2, 2, 0, 12, 1, 2);
INSERT INTO `case_element`(niveau,type,posx,posy,imagex,imagey) VALUES (2, 2, 0, 13, 1, 2);
INSERT INTO `case_element`(niveau,type,posx,posy,imagex,imagey) VALUES (2, 2, 0, 14, 1, 2);
INSERT INTO `case_element`(niveau,type,posx,posy,imagex,imagey) VALUES (2, 2, 0, 15, 1, 2);
INSERT INTO `case_element`(niveau,type,posx,posy,imagex,imagey) VALUES (2, 1, 1, 0, 4, 1);
INSERT INTO `case_element`(niveau,type,posx,posy,imagex,imagey) VALUES (2, 1, 1, 1, 4, 1);
INSERT INTO `case_element`(niveau,type,posx,posy,imagex,imagey) VALUES (2, 1, 1, 2, 4, 1);
INSERT INTO `case_element`(niveau,type,posx,posy,imagex,imagey) VALUES (2, 2, 1, 3, 7, 13);
INSERT INTO `case_element`(niveau,type,posx,posy,imagex,imagey) VALUES (2, 1, 1, 4, 4, 1);
INSERT INTO `case_element`(niveau,type,posx,posy,imagex,imagey) VALUES (2, 1, 1, 5, 4, 1);
INSERT INTO `case_element`(niveau,type,posx,posy,imagex,imagey) VALUES (2, 2, 1, 6, 7, 13);
INSERT INTO `case_element`(niveau,type,posx,posy,imagex,imagey) VALUES (2, 1, 1, 7, 4, 1);
INSERT INTO `case_element`(niveau,type,posx,posy,imagex,imagey) VALUES (2, 1, 1, 8, 4, 1);
INSERT INTO `case_element`(niveau,type,posx,posy,imagex,imagey) VALUES (2, 1, 1, 9, 4, 1);
INSERT INTO `case_element`(niveau,type,posx,posy,imagex,imagey) VALUES (2, 2, 1, 10, 6, 7);
INSERT INTO `case_element`(niveau,type,posx,posy,imagex,imagey) VALUES (2, 2, 1, 11, 6, 7);
INSERT INTO `case_element`(niveau,type,posx,posy,imagex,imagey) VALUES (2, 1, 1, 12, 3, 1);
INSERT INTO `case_element`(niveau,type,posx,posy,imagex,imagey) VALUES (2, 2, 1, 13, 1, 2);
INSERT INTO `case_element`(niveau,type,posx,posy,imagex,imagey) VALUES (2, 2, 1, 14, 1, 2);
INSERT INTO `case_element`(niveau,type,posx,posy,imagex,imagey) VALUES (2, 2, 1, 15, 1, 2);
INSERT INTO `case_element`(niveau,type,posx,posy,imagex,imagey) VALUES (2, 1, 2, 0, 4, 1);
INSERT INTO `case_element`(niveau,type,posx,posy,imagex,imagey) VALUES (2, 1, 2, 1, 4, 1);
INSERT INTO `case_element`(niveau,type,posx,posy,imagex,imagey) VALUES (2, 1, 2, 2, 4, 1);
INSERT INTO `case_element`(niveau,type,posx,posy,imagex,imagey) VALUES (2, 1, 2, 3, 4, 1);
INSERT INTO `case_element`(niveau,type,posx,posy,imagex,imagey) VALUES (2, 1, 2, 4, 4, 1);
INSERT INTO `case_element`(niveau,type,posx,posy,imagex,imagey) VALUES (2, 2, 2, 5, 7, 13);
INSERT INTO `case_element`(niveau,type,posx,posy,imagex,imagey) VALUES (2, 2, 2, 6, 7, 13);
INSERT INTO `case_element`(niveau,type,posx,posy,imagex,imagey) VALUES (2, 2, 2, 7, 1, 14);
INSERT INTO `case_element`(niveau,type,posx,posy,imagex,imagey) VALUES (2, 1, 2, 8, 4, 1);
INSERT INTO `case_element`(niveau,type,posx,posy,imagex,imagey) VALUES (2, 1, 2, 9, 4, 1);
INSERT INTO `case_element`(niveau,type,posx,posy,imagex,imagey) VALUES (2, 1, 2, 10, 4, 1);
INSERT INTO `case_element`(niveau,type,posx,posy,imagex,imagey) VALUES (2, 2, 2, 11, 6, 7);
INSERT INTO `case_element`(niveau,type,posx,posy,imagex,imagey) VALUES (2, 1, 2, 12, 3, 1);
INSERT INTO `case_element`(niveau,type,posx,posy,imagex,imagey) VALUES (2, 1, 2, 13, 3, 1);
INSERT INTO `case_element`(niveau,type,posx,posy,imagex,imagey) VALUES (2, 1, 2, 14, 3, 1);
INSERT INTO `case_element`(niveau,type,posx,posy,imagex,imagey) VALUES (2, 2, 2, 15, 1, 2);
INSERT INTO `case_element`(niveau,type,posx,posy,imagex,imagey) VALUES (2, 1, 3, 0, 4, 1);
INSERT INTO `case_element`(niveau,type,posx,posy,imagex,imagey) VALUES (2, 2, 3, 1, 7, 13);
INSERT INTO `case_element`(niveau,type,posx,posy,imagex,imagey) VALUES (2, 1, 3, 2, 4, 1);
INSERT INTO `case_element`(niveau,type,posx,posy,imagex,imagey) VALUES (2, 1, 3, 3, 4, 1);
INSERT INTO `case_element`(niveau,type,posx,posy,imagex,imagey) VALUES (2, 1, 3, 4, 4, 1);
INSERT INTO `case_element`(niveau,type,posx,posy,imagex,imagey) VALUES (2, 1, 3, 5, 4, 1);
INSERT INTO `case_element`(niveau,type,posx,posy,imagex,imagey) VALUES (2, 2, 3, 6, 7, 13);
INSERT INTO `case_element`(niveau,type,posx,posy,imagex,imagey) VALUES (2, 1, 3, 7, 4, 1);
INSERT INTO `case_element`(niveau,type,posx,posy,imagex,imagey) VALUES (2, 1, 3, 8, 4, 1);
INSERT INTO `case_element`(niveau,type,posx,posy,imagex,imagey) VALUES (2, 1, 3, 9, 4, 1);
INSERT INTO `case_element`(niveau,type,posx,posy,imagex,imagey) VALUES (2, 2, 3, 10, 7, 7);
INSERT INTO `case_element`(niveau,type,posx,posy,imagex,imagey) VALUES (2, 1, 3, 11, 4, 1);
INSERT INTO `case_element`(niveau,type,posx,posy,imagex,imagey) VALUES (2, 1, 3, 12, 4, 1);
INSERT INTO `case_element`(niveau,type,posx,posy,imagex,imagey) VALUES (2, 1, 3, 13, 4, 1);
INSERT INTO `case_element`(niveau,type,posx,posy,imagex,imagey) VALUES (2, 1, 3, 14, 3, 1);
INSERT INTO `case_element`(niveau,type,posx,posy,imagex,imagey) VALUES (2, 2, 3, 15, 6, 7);
INSERT INTO `case_element`(niveau,type,posx,posy,imagex,imagey) VALUES (2, 1, 4, 0, 4, 1);
INSERT INTO `case_element`(niveau,type,posx,posy,imagex,imagey) VALUES (2, 1, 4, 1, 4, 1);
INSERT INTO `case_element`(niveau,type,posx,posy,imagex,imagey) VALUES (2, 1, 4, 2, 4, 1);
INSERT INTO `case_element`(niveau,type,posx,posy,imagex,imagey) VALUES (2, 2, 4, 3, 1, 16);
INSERT INTO `case_element`(niveau,type,posx,posy,imagex,imagey) VALUES (2, 1, 4, 4, 4, 1);
INSERT INTO `case_element`(niveau,type,posx,posy,imagex,imagey) VALUES (2, 1, 4, 5, 4, 1);
INSERT INTO `case_element`(niveau,type,posx,posy,imagex,imagey) VALUES (2, 1, 4, 6, 4, 1);
INSERT INTO `case_element`(niveau,type,posx,posy,imagex,imagey) VALUES (2, 1, 4, 7, 4, 1);
INSERT INTO `case_element`(niveau,type,posx,posy,imagex,imagey) VALUES (2, 1, 4, 8, 4, 1);
INSERT INTO `case_element`(niveau,type,posx,posy,imagex,imagey) VALUES (2, 2, 4, 9, 7, 7);
INSERT INTO `case_element`(niveau,type,posx,posy,imagex,imagey) VALUES (2, 1, 4, 10, 4, 1);
INSERT INTO `case_element`(niveau,type,posx,posy,imagex,imagey) VALUES (2, 2, 4, 11, 7, 7);
INSERT INTO `case_element`(niveau,type,posx,posy,imagex,imagey) VALUES (2, 1, 4, 12, 4, 1);
INSERT INTO `case_element`(niveau,type,posx,posy,imagex,imagey) VALUES (2, 2, 4, 13, 7, 7);
INSERT INTO `case_element`(niveau,type,posx,posy,imagex,imagey) VALUES (2, 2, 4, 14, 7, 7);
INSERT INTO `case_element`(niveau,type,posx,posy,imagex,imagey) VALUES (2, 2, 4, 15, 6, 7);
INSERT INTO `case_element`(niveau,type,posx,posy,imagex,imagey) VALUES (2, 2, 5, 0, 1, 16);
INSERT INTO `case_element`(niveau,type,posx,posy,imagex,imagey) VALUES (2, 2, 5, 1, 7, 13);
INSERT INTO `case_element`(niveau,type,posx,posy,imagex,imagey) VALUES (2, 2, 5, 2, 7, 13);
INSERT INTO `case_element`(niveau,type,posx,posy,imagex,imagey) VALUES (2, 1, 5, 3, 4, 1);
INSERT INTO `case_element`(niveau,type,posx,posy,imagex,imagey) VALUES (2, 1, 5, 4, 4, 1);
INSERT INTO `case_element`(niveau,type,posx,posy,imagex,imagey) VALUES (2, 1, 5, 5, 4, 1);
INSERT INTO `case_element`(niveau,type,posx,posy,imagex,imagey) VALUES (2, 1, 5, 6, 4, 1);
INSERT INTO `case_element`(niveau,type,posx,posy,imagex,imagey) VALUES (2, 1, 5, 7, 4, 1);
INSERT INTO `case_element`(niveau,type,posx,posy,imagex,imagey) VALUES (2, 1, 5, 8, 4, 1);
INSERT INTO `case_element`(niveau,type,posx,posy,imagex,imagey) VALUES (2, 1, 5, 9, 4, 1);
INSERT INTO `case_element`(niveau,type,posx,posy,imagex,imagey) VALUES (2, 1, 5, 10, 4, 1);
INSERT INTO `case_element`(niveau,type,posx,posy,imagex,imagey) VALUES (2, 1, 5, 11, 4, 1);
INSERT INTO `case_element`(niveau,type,posx,posy,imagex,imagey) VALUES (2, 1, 5, 12, 4, 1);
INSERT INTO `case_element`(niveau,type,posx,posy,imagex,imagey) VALUES (2, 1, 5, 13, 4, 1);
INSERT INTO `case_element`(niveau,type,posx,posy,imagex,imagey) VALUES (2, 1, 5, 14, 4, 1);
INSERT INTO `case_element`(niveau,type,posx,posy,imagex,imagey) VALUES (2, 1, 5, 15, 4, 1);
INSERT INTO `case_element`(niveau,type,posx,posy,imagex,imagey) VALUES (2, 2, 6, 0, 7, 13);
INSERT INTO `case_element`(niveau,type,posx,posy,imagex,imagey) VALUES (2, 2, 6, 1, 7, 13);
INSERT INTO `case_element`(niveau,type,posx,posy,imagex,imagey) VALUES (2, 1, 6, 2, 4, 1);
INSERT INTO `case_element`(niveau,type,posx,posy,imagex,imagey) VALUES (2, 2, 6, 3, 1, 16);
INSERT INTO `case_element`(niveau,type,posx,posy,imagex,imagey) VALUES (2, 1, 6, 4, 4, 1);
INSERT INTO `case_element`(niveau,type,posx,posy,imagex,imagey) VALUES (2, 2, 6, 5, 1, 16);
INSERT INTO `case_element`(niveau,type,posx,posy,imagex,imagey) VALUES (2, 2, 6, 6, 1, 16);
INSERT INTO `case_element`(niveau,type,posx,posy,imagex,imagey) VALUES (2, 1, 6, 7, 4, 1);
INSERT INTO `case_element`(niveau,type,posx,posy,imagex,imagey) VALUES (2, 1, 6, 8, 4, 1);
INSERT INTO `case_element`(niveau,type,posx,posy,imagex,imagey) VALUES (2, 1, 6, 9, 4, 1);
INSERT INTO `case_element`(niveau,type,posx,posy,imagex,imagey) VALUES (2, 1, 6, 10, 4, 1);
INSERT INTO `case_element`(niveau,type,posx,posy,imagex,imagey) VALUES (2, 2, 6, 11, 7, 7);
INSERT INTO `case_element`(niveau,type,posx,posy,imagex,imagey) VALUES (2, 1, 6, 12, 4, 1);
INSERT INTO `case_element`(niveau,type,posx,posy,imagex,imagey) VALUES (2, 1, 6, 13, 4, 1);
INSERT INTO `case_element`(niveau,type,posx,posy,imagex,imagey) VALUES (2, 1, 6, 14, 4, 1);
INSERT INTO `case_element`(niveau,type,posx,posy,imagex,imagey) VALUES (2, 1, 6, 15, 4, 1);
INSERT INTO `case_element`(niveau,type,posx,posy,imagex,imagey) VALUES (2, 3, 7, 0, 4, 14);
INSERT INTO `case_element`(niveau,type,posx,posy,imagex,imagey) VALUES (2, 1, 7, 1, 4, 1);
INSERT INTO `case_element`(niveau,type,posx,posy,imagex,imagey) VALUES (2, 1, 7, 2, 4, 1);
INSERT INTO `case_element`(niveau,type,posx,posy,imagex,imagey) VALUES (2, 1, 7, 3, 4, 1);
INSERT INTO `case_element`(niveau,type,posx,posy,imagex,imagey) VALUES (2, 1, 7, 4, 4, 1);
INSERT INTO `case_element`(niveau,type,posx,posy,imagex,imagey) VALUES (2, 1, 7, 5, 4, 1);
INSERT INTO `case_element`(niveau,type,posx,posy,imagex,imagey) VALUES (2, 1, 7, 6, 4, 1);
INSERT INTO `case_element`(niveau,type,posx,posy,imagex,imagey) VALUES (2, 2, 7, 7, 1, 16);
INSERT INTO `case_element`(niveau,type,posx,posy,imagex,imagey) VALUES (2, 1, 7, 8, 4, 1);
INSERT INTO `case_element`(niveau,type,posx,posy,imagex,imagey) VALUES (2, 1, 7, 9, 4, 1);
INSERT INTO `case_element`(niveau,type,posx,posy,imagex,imagey) VALUES (2, 1, 7, 10, 4, 1);
INSERT INTO `case_element`(niveau,type,posx,posy,imagex,imagey) VALUES (2, 1, 7, 11, 4, 1);
INSERT INTO `case_element`(niveau,type,posx,posy,imagex,imagey) VALUES (2, 1, 7, 12, 4, 1);
INSERT INTO `case_element`(niveau,type,posx,posy,imagex,imagey) VALUES (2, 1, 7, 13, 4, 1);
INSERT INTO `case_element`(niveau,type,posx,posy,imagex,imagey) VALUES (2, 2, 7, 14, 7, 7);
INSERT INTO `case_element`(niveau,type,posx,posy,imagex,imagey) VALUES (2, 1, 7, 15, 4, 1);
INSERT INTO `case_element`(niveau,type,posx,posy,imagex,imagey) VALUES (2, 1, 8, 0, 4, 1);
INSERT INTO `case_element`(niveau,type,posx,posy,imagex,imagey) VALUES (2, 1, 8, 1, 4, 1);
INSERT INTO `case_element`(niveau,type,posx,posy,imagex,imagey) VALUES (2, 1, 8, 2, 4, 1);
INSERT INTO `case_element`(niveau,type,posx,posy,imagex,imagey) VALUES (2, 1, 8, 3, 4, 1);
INSERT INTO `case_element`(niveau,type,posx,posy,imagex,imagey) VALUES (2, 1, 8, 4, 4, 1);
INSERT INTO `case_element`(niveau,type,posx,posy,imagex,imagey) VALUES (2, 1, 8, 5, 4, 1);
INSERT INTO `case_element`(niveau,type,posx,posy,imagex,imagey) VALUES (2, 2, 8, 6, 1, 16);
INSERT INTO `case_element`(niveau,type,posx,posy,imagex,imagey) VALUES (2, 2, 8, 7, 1, 16);
INSERT INTO `case_element`(niveau,type,posx,posy,imagex,imagey) VALUES (2, 1, 8, 8, 4, 1);
INSERT INTO `case_element`(niveau,type,posx,posy,imagex,imagey) VALUES (2, 1, 8, 9, 4, 1);
INSERT INTO `case_element`(niveau,type,posx,posy,imagex,imagey) VALUES (2, 1, 8, 10, 4, 1);
INSERT INTO `case_element`(niveau,type,posx,posy,imagex,imagey) VALUES (2, 2, 8, 11, 6, 3);
INSERT INTO `case_element`(niveau,type,posx,posy,imagex,imagey) VALUES (2, 1, 8, 12, 4, 1);
INSERT INTO `case_element`(niveau,type,posx,posy,imagex,imagey) VALUES (2, 2, 8, 13, 7, 7);
INSERT INTO `case_element`(niveau,type,posx,posy,imagex,imagey) VALUES (2, 2, 8, 14, 7, 7);
INSERT INTO `case_element`(niveau,type,posx,posy,imagex,imagey) VALUES (2, 1, 8, 15, 4, 1);
INSERT INTO `case_element`(niveau,type,posx,posy,imagex,imagey) VALUES (2, 1, 9, 0, 4, 1);
INSERT INTO `case_element`(niveau,type,posx,posy,imagex,imagey) VALUES (2, 1, 9, 1, 4, 1);
INSERT INTO `case_element`(niveau,type,posx,posy,imagex,imagey) VALUES (2, 1, 9, 2, 4, 1);
INSERT INTO `case_element`(niveau,type,posx,posy,imagex,imagey) VALUES (2, 1, 9, 3, 7, 16);
INSERT INTO `case_element`(niveau,type,posx,posy,imagex,imagey) VALUES (2, 1, 9, 4, 4, 1);
INSERT INTO `case_element`(niveau,type,posx,posy,imagex,imagey) VALUES (2, 2, 9, 5, 1, 16);
INSERT INTO `case_element`(niveau,type,posx,posy,imagex,imagey) VALUES (2, 1, 9, 6, 4, 1);
INSERT INTO `case_element`(niveau,type,posx,posy,imagex,imagey) VALUES (2, 1, 9, 7, 4, 1);
INSERT INTO `case_element`(niveau,type,posx,posy,imagex,imagey) VALUES (2, 2, 9, 8, 7, 3);
INSERT INTO `case_element`(niveau,type,posx,posy,imagex,imagey) VALUES (2, 2, 9, 9, 6, 3);
INSERT INTO `case_element`(niveau,type,posx,posy,imagex,imagey) VALUES (2, 2, 9, 10, 6, 3);
INSERT INTO `case_element`(niveau,type,posx,posy,imagex,imagey) VALUES (2, 2, 9, 11, 1, 15);
INSERT INTO `case_element`(niveau,type,posx,posy,imagex,imagey) VALUES (2, 2, 9, 12, 6, 3);
INSERT INTO `case_element`(niveau,type,posx,posy,imagex,imagey) VALUES (2, 1, 9, 13, 7, 4);
INSERT INTO `case_element`(niveau,type,posx,posy,imagex,imagey) VALUES (2, 1, 9, 14, 4, 1);
INSERT INTO `case_element`(niveau,type,posx,posy,imagex,imagey) VALUES (2, 1, 9, 15, 4, 1);
INSERT INTO `case_element`(niveau,type,posx,posy,imagex,imagey) VALUES (2, 1, 10, 0, 4, 1);
INSERT INTO `case_element`(niveau,type,posx,posy,imagex,imagey) VALUES (2, 2, 10, 1, 1, 16);
INSERT INTO `case_element`(niveau,type,posx,posy,imagex,imagey) VALUES (2, 1, 10, 2, 4, 1);
INSERT INTO `case_element`(niveau,type,posx,posy,imagex,imagey) VALUES (2, 2, 10, 3, 7, 16);
INSERT INTO `case_element`(niveau,type,posx,posy,imagex,imagey) VALUES (2, 1, 10, 4, 4, 1);
INSERT INTO `case_element`(niveau,type,posx,posy,imagex,imagey) VALUES (2, 1, 10, 5, 4, 1);
INSERT INTO `case_element`(niveau,type,posx,posy,imagex,imagey) VALUES (2, 1, 10, 6, 4, 1);
INSERT INTO `case_element`(niveau,type,posx,posy,imagex,imagey) VALUES (2, 1, 10, 7, 4, 1);
INSERT INTO `case_element`(niveau,type,posx,posy,imagex,imagey) VALUES (2, 1, 10, 8, 4, 1);
INSERT INTO `case_element`(niveau,type,posx,posy,imagex,imagey) VALUES (2, 2, 10, 9, 6, 3);
INSERT INTO `case_element`(niveau,type,posx,posy,imagex,imagey) VALUES (2, 1, 10, 10, 7, 4);
INSERT INTO `case_element`(niveau,type,posx,posy,imagex,imagey) VALUES (2, 1, 10, 11, 7, 4);
INSERT INTO `case_element`(niveau,type,posx,posy,imagex,imagey) VALUES (2, 1, 10, 12, 7, 4);
INSERT INTO `case_element`(niveau,type,posx,posy,imagex,imagey) VALUES (2, 1, 10, 13, 7, 4);
INSERT INTO `case_element`(niveau,type,posx,posy,imagex,imagey) VALUES (2, 2, 10, 14, 7, 7);
INSERT INTO `case_element`(niveau,type,posx,posy,imagex,imagey) VALUES (2, 1, 10, 15, 4, 1);
INSERT INTO `case_element`(niveau,type,posx,posy,imagex,imagey) VALUES (2, 1, 11, 0, 4, 1);
INSERT INTO `case_element`(niveau,type,posx,posy,imagex,imagey) VALUES (2, 1, 11, 1, 4, 1);
INSERT INTO `case_element`(niveau,type,posx,posy,imagex,imagey) VALUES (2, 1, 11, 2, 4, 1);
INSERT INTO `case_element`(niveau,type,posx,posy,imagex,imagey) VALUES (2, 2, 11, 3, 7, 16);
INSERT INTO `case_element`(niveau,type,posx,posy,imagex,imagey) VALUES (2, 2, 11, 4, 7, 16);
INSERT INTO `case_element`(niveau,type,posx,posy,imagex,imagey) VALUES (2, 2, 11, 5, 7, 16);
INSERT INTO `case_element`(niveau,type,posx,posy,imagex,imagey) VALUES (2, 2, 11, 6, 7, 16);
INSERT INTO `case_element`(niveau,type,posx,posy,imagex,imagey) VALUES (2, 1, 11, 7, 4, 1);
INSERT INTO `case_element`(niveau,type,posx,posy,imagex,imagey) VALUES (2, 1, 11, 8, 4, 1);
INSERT INTO `case_element`(niveau,type,posx,posy,imagex,imagey) VALUES (2, 2, 11, 9, 6, 3);
INSERT INTO `case_element`(niveau,type,posx,posy,imagex,imagey) VALUES (2, 1, 11, 10, 7, 4);
INSERT INTO `case_element`(niveau,type,posx,posy,imagex,imagey) VALUES (2, 2, 11, 11, 6, 3);
INSERT INTO `case_element`(niveau,type,posx,posy,imagex,imagey) VALUES (2, 1, 11, 12, 7, 4);
INSERT INTO `case_element`(niveau,type,posx,posy,imagex,imagey) VALUES (2, 1, 11, 13, 4, 1);
INSERT INTO `case_element`(niveau,type,posx,posy,imagex,imagey) VALUES (2, 2, 11, 14, 7, 13);
INSERT INTO `case_element`(niveau,type,posx,posy,imagex,imagey) VALUES (2, 1, 11, 15, 4, 1);
INSERT INTO `case_element`(niveau,type,posx,posy,imagex,imagey) VALUES (2, 1, 12, 0, 0, 3);
INSERT INTO `case_element`(niveau,type,posx,posy,imagex,imagey) VALUES (2, 2, 12, 1, 1, 16);
INSERT INTO `case_element`(niveau,type,posx,posy,imagex,imagey) VALUES (2, 1, 12, 2, 0, 3);
INSERT INTO `case_element`(niveau,type,posx,posy,imagex,imagey) VALUES (2, 1, 12, 3, 4, 1);
INSERT INTO `case_element`(niveau,type,posx,posy,imagex,imagey) VALUES (2, 1, 12, 4, 4, 1);
INSERT INTO `case_element`(niveau,type,posx,posy,imagex,imagey) VALUES (2, 1, 12, 5, 0, 3);
INSERT INTO `case_element`(niveau,type,posx,posy,imagex,imagey) VALUES (2, 2, 12, 6, 7, 16);
INSERT INTO `case_element`(niveau,type,posx,posy,imagex,imagey) VALUES (2, 1, 12, 7, 4, 1);
INSERT INTO `case_element`(niveau,type,posx,posy,imagex,imagey) VALUES (2, 1, 12, 8, 4, 1);
INSERT INTO `case_element`(niveau,type,posx,posy,imagex,imagey) VALUES (2, 1, 12, 9, 4, 1);
INSERT INTO `case_element`(niveau,type,posx,posy,imagex,imagey) VALUES (2, 1, 12, 10, 7, 4);
INSERT INTO `case_element`(niveau,type,posx,posy,imagex,imagey) VALUES (2, 1, 12, 11, 4, 1);
INSERT INTO `case_element`(niveau,type,posx,posy,imagex,imagey) VALUES (2, 2, 12, 12, 7, 13);
INSERT INTO `case_element`(niveau,type,posx,posy,imagex,imagey) VALUES (2, 2, 12, 13, 7, 13);
INSERT INTO `case_element`(niveau,type,posx,posy,imagex,imagey) VALUES (2, 1, 12, 14, 4, 1);
INSERT INTO `case_element`(niveau,type,posx,posy,imagex,imagey) VALUES (2, 1, 12, 15, 4, 1);
INSERT INTO `case_element`(niveau,type,posx,posy,imagex,imagey) VALUES (2, 1, 13, 0, 1, 3);
INSERT INTO `case_element`(niveau,type,posx,posy,imagex,imagey) VALUES (2, 1, 13, 1, 1, 3);
INSERT INTO `case_element`(niveau,type,posx,posy,imagex,imagey) VALUES (2, 1, 13, 2, 1, 3);
INSERT INTO `case_element`(niveau,type,posx,posy,imagex,imagey) VALUES (2, 2, 13, 3, 3, 7);
INSERT INTO `case_element`(niveau,type,posx,posy,imagex,imagey) VALUES (2, 2, 13, 4, 3, 7);
INSERT INTO `case_element`(niveau,type,posx,posy,imagex,imagey) VALUES (2, 2, 13, 5, 3, 7);
INSERT INTO `case_element`(niveau,type,posx,posy,imagex,imagey) VALUES (2, 2, 13, 6, 7, 16);
INSERT INTO `case_element`(niveau,type,posx,posy,imagex,imagey) VALUES (2, 2, 13, 7, 7, 16);
INSERT INTO `case_element`(niveau,type,posx,posy,imagex,imagey) VALUES (2, 1, 13, 8, 4, 1);
INSERT INTO `case_element`(niveau,type,posx,posy,imagex,imagey) VALUES (2, 2, 13, 9, 7, 16);
INSERT INTO `case_element`(niveau,type,posx,posy,imagex,imagey) VALUES (2, 1, 13, 10, 4, 1);
INSERT INTO `case_element`(niveau,type,posx,posy,imagex,imagey) VALUES (2, 1, 13, 11, 4, 1);
INSERT INTO `case_element`(niveau,type,posx,posy,imagex,imagey) VALUES (2, 1, 13, 12, 4, 1);
INSERT INTO `case_element`(niveau,type,posx,posy,imagex,imagey) VALUES (2, 2, 13, 13, 7, 13);
INSERT INTO `case_element`(niveau,type,posx,posy,imagex,imagey) VALUES (2, 1, 13, 14, 4, 1);
INSERT INTO `case_element`(niveau,type,posx,posy,imagex,imagey) VALUES (2, 1, 13, 15, 4, 1);
INSERT INTO `case_element`(niveau,type,posx,posy,imagex,imagey) VALUES (2, 1, 14, 0, 1, 3);
INSERT INTO `case_element`(niveau,type,posx,posy,imagex,imagey) VALUES (2, 2, 14, 1, 4, 7);
INSERT INTO `case_element`(niveau,type,posx,posy,imagex,imagey) VALUES (2, 1, 14, 2, 1, 3);
INSERT INTO `case_element`(niveau,type,posx,posy,imagex,imagey) VALUES (2, 1, 14, 3, 4, 7);
INSERT INTO `case_element`(niveau,type,posx,posy,imagex,imagey) VALUES (2, 1, 14, 4, 0, 3);
INSERT INTO `case_element`(niveau,type,posx,posy,imagex,imagey) VALUES (2, 1, 14, 5, 0, 3);
INSERT INTO `case_element`(niveau,type,posx,posy,imagex,imagey) VALUES (2, 2, 14, 6, 7, 16);
INSERT INTO `case_element`(niveau,type,posx,posy,imagex,imagey) VALUES (2, 2, 14, 7, 7, 16);
INSERT INTO `case_element`(niveau,type,posx,posy,imagex,imagey) VALUES (2, 2, 14, 8, 7, 16);
INSERT INTO `case_element`(niveau,type,posx,posy,imagex,imagey) VALUES (2, 1, 14, 9, 4, 1);
INSERT INTO `case_element`(niveau,type,posx,posy,imagex,imagey) VALUES (2, 2, 14, 10, 7, 13);
INSERT INTO `case_element`(niveau,type,posx,posy,imagex,imagey) VALUES (2, 2, 14, 11, 7, 13);
INSERT INTO `case_element`(niveau,type,posx,posy,imagex,imagey) VALUES (2, 2, 14, 12, 7, 13);
INSERT INTO `case_element`(niveau,type,posx,posy,imagex,imagey) VALUES (2, 1, 14, 13, 4, 1);
INSERT INTO `case_element`(niveau,type,posx,posy,imagex,imagey) VALUES (2, 2, 14, 14, 7, 13);
INSERT INTO `case_element`(niveau,type,posx,posy,imagex,imagey) VALUES (2, 1, 14, 15, 4, 1);
INSERT INTO `case_element`(niveau,type,posx,posy,imagex,imagey) VALUES (2, 2, 15, 0, 4, 7);
INSERT INTO `case_element`(niveau,type,posx,posy,imagex,imagey) VALUES (2, 1, 15, 1, 1, 3);
INSERT INTO `case_element`(niveau,type,posx,posy,imagex,imagey) VALUES (2, 1, 15, 2, 1, 3);
INSERT INTO `case_element`(niveau,type,posx,posy,imagex,imagey) VALUES (2, 1, 15, 3, 1, 3);
INSERT INTO `case_element`(niveau,type,posx,posy,imagex,imagey) VALUES (2, 1, 15, 4, 1, 3);
INSERT INTO `case_element`(niveau,type,posx,posy,imagex,imagey) VALUES (2, 1, 15, 5, 1, 3);
INSERT INTO `case_element`(niveau,type,posx,posy,imagex,imagey) VALUES (2, 1, 15, 6, 0, 3);
INSERT INTO `case_element`(niveau,type,posx,posy,imagex,imagey) VALUES (2, 1, 15, 7, 4, 1);
INSERT INTO `case_element`(niveau,type,posx,posy,imagex,imagey) VALUES (2, 1, 15, 8, 4, 1);
INSERT INTO `case_element`(niveau,type,posx,posy,imagex,imagey) VALUES (2, 1, 15, 9, 4, 1);
INSERT INTO `case_element`(niveau,type,posx,posy,imagex,imagey) VALUES (2, 1, 15, 10, 4, 1);
INSERT INTO `case_element`(niveau,type,posx,posy,imagex,imagey) VALUES (2, 1, 15, 11, 4, 1);
INSERT INTO `case_element`(niveau,type,posx,posy,imagex,imagey) VALUES (2, 1, 15, 12, 4, 1);
INSERT INTO `case_element`(niveau,type,posx,posy,imagex,imagey) VALUES (2, 1, 15, 13, 4, 1);
INSERT INTO `case_element`(niveau,type,posx,posy,imagex,imagey) VALUES (2, 1, 15, 14, 4, 1);
INSERT INTO `case_element`(niveau,type,posx,posy,imagex,imagey) VALUES (2, 1, 15, 15, 4, 1);
INSERT INTO `case_element`(niveau,type,posx,posy,imagex,imagey) VALUES (4, 3, 12, 5, 6, 13);
INSERT INTO `case_element`(niveau,type,posx,posy,imagex,imagey) VALUES (4, 1, 12, 4, 0, 1);
INSERT INTO `case_element`(niveau,type,posx,posy,imagex,imagey) VALUES (4, 1, 12, 3, 0, 1);
INSERT INTO `case_element`(niveau,type,posx,posy,imagex,imagey) VALUES (4, 1, 12, 2, 0, 1);
INSERT INTO `case_element`(niveau,type,posx,posy,imagex,imagey) VALUES (4, 1, 12, 1, 0, 1);
INSERT INTO `case_element`(niveau,type,posx,posy,imagex,imagey) VALUES (4, 1, 12, 0, 0, 1);
INSERT INTO `case_element`(niveau,type,posx,posy,imagex,imagey) VALUES (4, 2, 11, 5, 3, 7);
INSERT INTO `case_element`(niveau,type,posx,posy,imagex,imagey) VALUES (4, 2, 11, 4, 3, 7);
INSERT INTO `case_element`(niveau,type,posx,posy,imagex,imagey) VALUES (4, 2, 11, 3, 3, 7);
INSERT INTO `case_element`(niveau,type,posx,posy,imagex,imagey) VALUES (4, 2, 11, 2, 3, 7);
INSERT INTO `case_element`(niveau,type,posx,posy,imagex,imagey) VALUES (4, 2, 11, 1, 3, 7);
INSERT INTO `case_element`(niveau,type,posx,posy,imagex,imagey) VALUES (4, 1, 11, 0, 0, 1);
INSERT INTO `case_element`(niveau,type,posx,posy,imagex,imagey) VALUES (4, 2, 10, 5, 3, 7);
INSERT INTO `case_element`(niveau,type,posx,posy,imagex,imagey) VALUES (4, 1, 10, 4, 0, 1);
INSERT INTO `case_element`(niveau,type,posx,posy,imagex,imagey) VALUES (4, 1, 10, 3, 0, 1);
INSERT INTO `case_element`(niveau,type,posx,posy,imagex,imagey) VALUES (4, 1, 10, 2, 0, 1);
INSERT INTO `case_element`(niveau,type,posx,posy,imagex,imagey) VALUES (4, 1, 10, 1, 0, 1);
INSERT INTO `case_element`(niveau,type,posx,posy,imagex,imagey) VALUES (4, 1, 10, 0, 0, 1);
INSERT INTO `case_element`(niveau,type,posx,posy,imagex,imagey) VALUES (4, 1, 9, 5, 0, 1);
INSERT INTO `case_element`(niveau,type,posx,posy,imagex,imagey) VALUES (4, 1, 9, 4, 0, 1);
INSERT INTO `case_element`(niveau,type,posx,posy,imagex,imagey) VALUES (4, 1, 9, 3, 0, 1);
INSERT INTO `case_element`(niveau,type,posx,posy,imagex,imagey) VALUES (4, 1, 9, 2, 0, 1);
INSERT INTO `case_element`(niveau,type,posx,posy,imagex,imagey) VALUES (4, 1, 9, 1, 0, 1);
INSERT INTO `case_element`(niveau,type,posx,posy,imagex,imagey) VALUES (4, 1, 9, 0, 0, 1);
INSERT INTO `case_element`(niveau,type,posx,posy,imagex,imagey) VALUES (4, 1, 8, 5, 0, 1);
INSERT INTO `case_element`(niveau,type,posx,posy,imagex,imagey) VALUES (4, 1, 8, 4, 0, 1);
INSERT INTO `case_element`(niveau,type,posx,posy,imagex,imagey) VALUES (4, 1, 8, 3, 0, 1);
INSERT INTO `case_element`(niveau,type,posx,posy,imagex,imagey) VALUES (4, 1, 8, 2, 0, 1);
INSERT INTO `case_element`(niveau,type,posx,posy,imagex,imagey) VALUES (4, 1, 8, 1, 0, 1);
INSERT INTO `case_element`(niveau,type,posx,posy,imagex,imagey) VALUES (4, 1, 8, 0, 0, 1);
INSERT INTO `case_element`(niveau,type,posx,posy,imagex,imagey) VALUES (4, 1, 7, 5, 0, 1);
INSERT INTO `case_element`(niveau,type,posx,posy,imagex,imagey) VALUES (4, 1, 7, 4, 0, 1);
INSERT INTO `case_element`(niveau,type,posx,posy,imagex,imagey) VALUES (4, 1, 7, 3, 0, 1);
INSERT INTO `case_element`(niveau,type,posx,posy,imagex,imagey) VALUES (4, 2, 7, 2, 3, 7);
INSERT INTO `case_element`(niveau,type,posx,posy,imagex,imagey) VALUES (4, 1, 7, 1, 0, 1);
INSERT INTO `case_element`(niveau,type,posx,posy,imagex,imagey) VALUES (4, 1, 7, 0, 0, 1);
INSERT INTO `case_element`(niveau,type,posx,posy,imagex,imagey) VALUES (4, 1, 6, 5, 0, 1);
INSERT INTO `case_element`(niveau,type,posx,posy,imagex,imagey) VALUES (4, 1, 6, 4, 0, 1);
INSERT INTO `case_element`(niveau,type,posx,posy,imagex,imagey) VALUES (4, 1, 6, 3, 0, 1);
INSERT INTO `case_element`(niveau,type,posx,posy,imagex,imagey) VALUES (4, 1, 6, 2, 0, 1);
INSERT INTO `case_element`(niveau,type,posx,posy,imagex,imagey) VALUES (4, 1, 6, 1, 0, 1);
INSERT INTO `case_element`(niveau,type,posx,posy,imagex,imagey) VALUES (4, 1, 6, 0, 0, 1);
INSERT INTO `case_element`(niveau,type,posx,posy,imagex,imagey) VALUES (4, 1, 5, 5, 0, 1);
INSERT INTO `case_element`(niveau,type,posx,posy,imagex,imagey) VALUES (4, 1, 5, 4, 0, 1);
INSERT INTO `case_element`(niveau,type,posx,posy,imagex,imagey) VALUES (4, 1, 5, 3, 0, 1);
INSERT INTO `case_element`(niveau,type,posx,posy,imagex,imagey) VALUES (4, 1, 5, 2, 0, 1);
INSERT INTO `case_element`(niveau,type,posx,posy,imagex,imagey) VALUES (4, 1, 5, 1, 0, 1);
INSERT INTO `case_element`(niveau,type,posx,posy,imagex,imagey) VALUES (4, 1, 5, 0, 0, 1);
INSERT INTO `case_element`(niveau,type,posx,posy,imagex,imagey) VALUES (4, 2, 4, 5, 3, 7);
INSERT INTO `case_element`(niveau,type,posx,posy,imagex,imagey) VALUES (4, 2, 4, 4, 3, 7);
INSERT INTO `case_element`(niveau,type,posx,posy,imagex,imagey) VALUES (4, 1, 4, 3, 0, 1);
INSERT INTO `case_element`(niveau,type,posx,posy,imagex,imagey) VALUES (4, 1, 4, 2, 0, 1);
INSERT INTO `case_element`(niveau,type,posx,posy,imagex,imagey) VALUES (4, 2, 4, 1, 3, 7);
INSERT INTO `case_element`(niveau,type,posx,posy,imagex,imagey) VALUES (4, 2, 4, 0, 3, 7);
INSERT INTO `case_element`(niveau,type,posx,posy,imagex,imagey) VALUES (4, 1, 3, 5, 0, 1);
INSERT INTO `case_element`(niveau,type,posx,posy,imagex,imagey) VALUES (4, 1, 3, 4, 0, 1);
INSERT INTO `case_element`(niveau,type,posx,posy,imagex,imagey) VALUES (4, 1, 3, 3, 0, 1);
INSERT INTO `case_element`(niveau,type,posx,posy,imagex,imagey) VALUES (4, 1, 3, 2, 0, 1);
INSERT INTO `case_element`(niveau,type,posx,posy,imagex,imagey) VALUES (4, 1, 3, 1, 0, 1);
INSERT INTO `case_element`(niveau,type,posx,posy,imagex,imagey) VALUES (4, 1, 3, 0, 0, 1);
INSERT INTO `case_element`(niveau,type,posx,posy,imagex,imagey) VALUES (4, 1, 2, 5, 0, 1);
INSERT INTO `case_element`(niveau,type,posx,posy,imagex,imagey) VALUES (4, 1, 2, 4, 0, 1);
INSERT INTO `case_element`(niveau,type,posx,posy,imagex,imagey) VALUES (4, 1, 2, 3, 0, 1);
INSERT INTO `case_element`(niveau,type,posx,posy,imagex,imagey) VALUES (4, 1, 2, 2, 0, 1);
INSERT INTO `case_element`(niveau,type,posx,posy,imagex,imagey) VALUES (4, 1, 2, 1, 0, 1);
INSERT INTO `case_element`(niveau,type,posx,posy,imagex,imagey) VALUES (4, 1, 2, 0, 0, 1);
INSERT INTO `case_element`(niveau,type,posx,posy,imagex,imagey) VALUES (4, 1, 1, 5, 0, 1);
INSERT INTO `case_element`(niveau,type,posx,posy,imagex,imagey) VALUES (4, 1, 1, 4, 0, 1);
INSERT INTO `case_element`(niveau,type,posx,posy,imagex,imagey) VALUES (4, 1, 1, 3, 0, 1);
INSERT INTO `case_element`(niveau,type,posx,posy,imagex,imagey) VALUES (4, 1, 1, 2, 0, 1);
INSERT INTO `case_element`(niveau,type,posx,posy,imagex,imagey) VALUES (4, 1, 1, 1, 0, 1);
INSERT INTO `case_element`(niveau,type,posx,posy,imagex,imagey) VALUES (4, 1, 1, 0, 0, 1);
INSERT INTO `case_element`(niveau,type,posx,posy,imagex,imagey) VALUES (4, 1, 0, 5, 0, 1);
INSERT INTO `case_element`(niveau,type,posx,posy,imagex,imagey) VALUES (4, 1, 0, 4, 0, 1);
INSERT INTO `case_element`(niveau,type,posx,posy,imagex,imagey) VALUES (4, 1, 0, 3, 0, 1);
INSERT INTO `case_element`(niveau,type,posx,posy,imagex,imagey) VALUES (4, 1, 0, 2, 0, 1);
INSERT INTO `case_element`(niveau,type,posx,posy,imagex,imagey) VALUES (4, 1, 0, 1, 0, 1);
INSERT INTO `case_element`(niveau,type,posx,posy,imagex,imagey) VALUES (4, 1, 0, 0, 0, 1);





#
# Contenu de la table `joueurs`
#

INSERT INTO `joueur`(niveau,posx,posy) VALUES (1, 11, 15);
INSERT INTO `joueur`(niveau,posx,posy) VALUES (2, 0, 0);
INSERT INTO `joueur`(niveau,posx,posy) VALUES (4, 0, 0);



#
# Contenu de la table `mechant`
#

INSERT INTO `mechant`(niveau,type,posx,posy,imagex,imagey) VALUES (1, 1, 11, 4, '4', '4');
INSERT INTO `mechant`(niveau,type,posx,posy,imagex,imagey) VALUES (1, 1, 12, 13, '1', '3');
INSERT INTO `mechant`(niveau,type,posx,posy,imagex,imagey) VALUES (1, 1, 3, 7, '2', '7');
INSERT INTO `mechant`(niveau,type,posx,posy,imagex,imagey) VALUES (1, 1, 9, 7, '1', '7');
INSERT INTO `mechant`(niveau,type,posx,posy,imagex,imagey) VALUES (2, 1, 6, 2, '4', '5');
INSERT INTO `mechant`(niveau,type,posx,posy,imagex,imagey) VALUES (1, 1, 3, 1, '4', '4');
INSERT INTO `mechant`(niveau,type,posx,posy,imagex,imagey) VALUES (1, 1, 4, 3, '3', '2');
INSERT INTO `mechant`(niveau,type,posx,posy,imagex,imagey) VALUES (2, 1, 5, 15, '4', '5');
INSERT INTO `mechant`(niveau,type,posx,posy,imagex,imagey) VALUES (2, 1, 15, 1, '4', '5');
INSERT INTO `mechant`(niveau,type,posx,posy,imagex,imagey) VALUES (2, 1, 15, 1, '4', '5');
INSERT INTO `mechant`(niveau,type,posx,posy,imagex,imagey) VALUES (2, 1, 10, 0, '3', '5');
INSERT INTO `mechant`(niveau,type,posx,posy,imagex,imagey) VALUES (2, 1, 3, 12, '2', '5');
INSERT INTO `mechant`(niveau,type,posx,posy,imagex,imagey) VALUES (2, 1, 0, 6, '2', '12');
INSERT INTO `mechant`(niveau,type,posx,posy,imagex,imagey) VALUES (2, 1, 0, 4, '2', '12');
INSERT INTO `mechant`(niveau,type,posx,posy,imagex,imagey) VALUES (4, 1, 4, 2, '2', '10');
INSERT INTO `mechant`(niveau,type,posx,posy,imagex,imagey) VALUES (4, 1, 4, 3, '2', '10');
INSERT INTO `mechant`(niveau,type,posx,posy,imagex,imagey) VALUES (4, 1, 12, 0, '2', '10');




UPDATE mechant set version=0;
UPDATE joueur set version=0;
UPDATE case_element set version=0;
UPDATE bonus set version=0;
UPDATE niveau set version=0;
    